Timestamp,Review,Rating
09-02-2025 16:49,Product arrived damaged.,2
08-02-2025 16:49,"Terrible experience, will return.",2
07-02-2025 16:49,Highly recommend this product.,4
06-02-2025 16:49,"Terrible experience, will return.",2
05-02-2025 16:49,"Terrible experience, will return.",3
04-02-2025 16:49,Fast shipping and good packaging.,1
03-02-2025 16:49,The quality could be better.,1
02-02-2025 16:49,Not worth the price.,3
01-02-2025 16:49,"Terrible experience, will return.",2
31-01-2025 16:49,Very happy with my purchase.,1
30-01-2025 16:49,Very happy with my purchase.,4
29-01-2025 16:49,Will not buy again.,2
28-01-2025 16:49,The quality could be better.,1
27-01-2025 16:49,Highly recommend this product.,5
26-01-2025 16:49,Product arrived damaged.,4
25-01-2025 16:49,Excellent customer service.,2
24-01-2025 16:49,Excellent customer service.,2
23-01-2025 16:49,"Terrible experience, will return.",1
22-01-2025 16:49,Product arrived damaged.,4
21-01-2025 16:49,Not worth the price.,1
20-01-2025 16:49,Excellent customer service.,3
19-01-2025 16:49,"Terrible experience, will return.",2
18-01-2025 16:49,Not worth the price.,4
17-01-2025 16:49,Will not buy again.,5
16-01-2025 16:49,Excellent customer service.,4
15-01-2025 16:49,"Terrible experience, will return.",4
14-01-2025 16:49,Not worth the price.,3
13-01-2025 16:49,Very happy with my purchase.,5
12-01-2025 16:49,"Great product, very satisfied!",5
11-01-2025 16:49,Fast shipping and good packaging.,3
10-01-2025 16:49,Not worth the price.,5
09-01-2025 16:49,"Great product, very satisfied!",1
08-01-2025 16:49,Fast shipping and good packaging.,3
07-01-2025 16:49,"Great product, very satisfied!",5
06-01-2025 16:49,"Terrible experience, will return.",5
05-01-2025 16:49,Excellent customer service.,1
04-01-2025 16:49,Excellent customer service.,2
03-01-2025 16:49,Product arrived damaged.,5
02-01-2025 16:49,Highly recommend this product.,4
01-01-2025 16:49,Will not buy again.,4
31-12-2024 16:49,"Great product, very satisfied!",5
30-12-2024 16:49,Highly recommend this product.,3
29-12-2024 16:49,"Terrible experience, will return.",4
28-12-2024 16:49,"Great product, very satisfied!",1
27-12-2024 16:49,Will not buy again.,2
26-12-2024 16:49,"Terrible experience, will return.",3
25-12-2024 16:49,Very happy with my purchase.,5
24-12-2024 16:49,Will not buy again.,3
23-12-2024 16:49,The quality could be better.,3
22-12-2024 16:49,Product arrived damaged.,2
21-12-2024 16:49,"Terrible experience, will return.",5
20-12-2024 16:49,Will not buy again.,2
19-12-2024 16:49,Excellent customer service.,2
18-12-2024 16:49,Excellent customer service.,1
17-12-2024 16:49,"Terrible experience, will return.",3
16-12-2024 16:49,Will not buy again.,2
15-12-2024 16:49,"Great product, very satisfied!",3
14-12-2024 16:49,Will not buy again.,4
13-12-2024 16:49,Product arrived damaged.,3
12-12-2024 16:49,Fast shipping and good packaging.,1
11-12-2024 16:49,Fast shipping and good packaging.,5
10-12-2024 16:49,"Great product, very satisfied!",1
09-12-2024 16:49,Not worth the price.,2
08-12-2024 16:49,Will not buy again.,2
07-12-2024 16:49,Highly recommend this product.,4
06-12-2024 16:49,The quality could be better.,3
05-12-2024 16:49,"Terrible experience, will return.",4
04-12-2024 16:49,"Great product, very satisfied!",4
03-12-2024 16:49,The quality could be better.,2
02-12-2024 16:49,Fast shipping and good packaging.,4
01-12-2024 16:49,Product arrived damaged.,1
30-11-2024 16:49,The quality could be better.,3
29-11-2024 16:49,Excellent customer service.,3
28-11-2024 16:49,Excellent customer service.,5
27-11-2024 16:49,Highly recommend this product.,3
26-11-2024 16:49,Will not buy again.,2
25-11-2024 16:49,"Terrible experience, will return.",4
24-11-2024 16:49,Product arrived damaged.,1
23-11-2024 16:49,Very happy with my purchase.,5
22-11-2024 16:49,Very happy with my purchase.,2
21-11-2024 16:49,Highly recommend this product.,5
20-11-2024 16:49,Excellent customer service.,4
19-11-2024 16:49,Very happy with my purchase.,3
18-11-2024 16:49,The quality could be better.,2
17-11-2024 16:49,Highly recommend this product.,1
16-11-2024 16:49,The quality could be better.,5
15-11-2024 16:49,Highly recommend this product.,5
14-11-2024 16:49,Excellent customer service.,4
13-11-2024 16:49,Not worth the price.,4
12-11-2024 16:49,Product arrived damaged.,5
11-11-2024 16:49,"Great product, very satisfied!",2
10-11-2024 16:49,Very happy with my purchase.,1
09-11-2024 16:49,Highly recommend this product.,1
08-11-2024 16:49,The quality could be better.,5
07-11-2024 16:49,Very happy with my purchase.,1
06-11-2024 16:49,Product arrived damaged.,1
05-11-2024 16:49,The quality could be better.,5
04-11-2024 16:49,"Terrible experience, will return.",4
03-11-2024 16:49,"Terrible experience, will return.",4
02-11-2024 16:49,Fast shipping and good packaging.,5
01-11-2024 16:49,"Great product, very satisfied!",1
31-10-2024 16:49,"Terrible experience, will return.",3
30-10-2024 16:49,Not worth the price.,3
29-10-2024 16:49,Very happy with my purchase.,3
28-10-2024 16:49,"Great product, very satisfied!",4
27-10-2024 16:49,"Terrible experience, will return.",1
26-10-2024 16:49,"Great product, very satisfied!",4
25-10-2024 16:49,Very happy with my purchase.,2
24-10-2024 16:49,Not worth the price.,3
23-10-2024 16:49,Fast shipping and good packaging.,5
22-10-2024 16:49,Not worth the price.,1
21-10-2024 16:49,Not worth the price.,5
20-10-2024 16:49,Will not buy again.,1
19-10-2024 16:49,Very happy with my purchase.,2
18-10-2024 16:49,"Great product, very satisfied!",4
17-10-2024 16:49,"Great product, very satisfied!",4
16-10-2024 16:49,The quality could be better.,3
15-10-2024 16:49,Fast shipping and good packaging.,4
14-10-2024 16:49,Very happy with my purchase.,2
13-10-2024 16:49,Very happy with my purchase.,1
12-10-2024 16:49,"Terrible experience, will return.",5
11-10-2024 16:49,Very happy with my purchase.,2
10-10-2024 16:49,Not worth the price.,2
09-10-2024 16:49,Product arrived damaged.,5
08-10-2024 16:49,"Great product, very satisfied!",4
07-10-2024 16:49,Fast shipping and good packaging.,2
06-10-2024 16:49,Very happy with my purchase.,2
05-10-2024 16:49,The quality could be better.,2
04-10-2024 16:49,Not worth the price.,3
03-10-2024 16:49,"Terrible experience, will return.",3
02-10-2024 16:49,Excellent customer service.,4
01-10-2024 16:49,The quality could be better.,3
30-09-2024 16:49,Very happy with my purchase.,3
29-09-2024 16:49,"Great product, very satisfied!",4
28-09-2024 16:49,Very happy with my purchase.,5
27-09-2024 16:49,Fast shipping and good packaging.,3
26-09-2024 16:49,Fast shipping and good packaging.,2
25-09-2024 16:49,Not worth the price.,4
24-09-2024 16:49,Will not buy again.,3
23-09-2024 16:49,Will not buy again.,1
22-09-2024 16:49,"Terrible experience, will return.",4
21-09-2024 16:49,Fast shipping and good packaging.,4
20-09-2024 16:49,Fast shipping and good packaging.,2
19-09-2024 16:49,Fast shipping and good packaging.,1
18-09-2024 16:49,The quality could be better.,4
17-09-2024 16:49,"Terrible experience, will return.",4
16-09-2024 16:49,Highly recommend this product.,3
15-09-2024 16:49,Very happy with my purchase.,4
14-09-2024 16:49,Not worth the price.,1
13-09-2024 16:49,Highly recommend this product.,2
12-09-2024 16:49,Highly recommend this product.,3
11-09-2024 16:49,Not worth the price.,2
10-09-2024 16:49,Will not buy again.,5
09-09-2024 16:49,The quality could be better.,4
08-09-2024 16:49,The quality could be better.,3
07-09-2024 16:49,"Great product, very satisfied!",4
06-09-2024 16:49,Product arrived damaged.,1
05-09-2024 16:49,"Great product, very satisfied!",4
04-09-2024 16:49,"Great product, very satisfied!",4
03-09-2024 16:49,Product arrived damaged.,1
02-09-2024 16:49,Not worth the price.,1
01-09-2024 16:49,Product arrived damaged.,3
31-08-2024 16:49,"Terrible experience, will return.",2
30-08-2024 16:49,Excellent customer service.,2
29-08-2024 16:49,Product arrived damaged.,5
28-08-2024 16:49,Will not buy again.,2
27-08-2024 16:49,The quality could be better.,4
26-08-2024 16:49,Product arrived damaged.,2
25-08-2024 16:49,Highly recommend this product.,5
24-08-2024 16:49,Will not buy again.,2
23-08-2024 16:49,Very happy with my purchase.,1
22-08-2024 16:49,Fast shipping and good packaging.,5
21-08-2024 16:49,"Terrible experience, will return.",4
20-08-2024 16:49,Product arrived damaged.,1
19-08-2024 16:49,Not worth the price.,1
18-08-2024 16:49,The quality could be better.,4
17-08-2024 16:49,Fast shipping and good packaging.,1
16-08-2024 16:49,Will not buy again.,3
15-08-2024 16:49,"Great product, very satisfied!",1
14-08-2024 16:49,"Great product, very satisfied!",3
13-08-2024 16:49,Fast shipping and good packaging.,1
12-08-2024 16:49,Will not buy again.,1
11-08-2024 16:49,Product arrived damaged.,3
10-08-2024 16:49,Excellent customer service.,3
09-08-2024 16:49,Product arrived damaged.,3
08-08-2024 16:49,Highly recommend this product.,2
07-08-2024 16:49,Fast shipping and good packaging.,3
06-08-2024 16:49,Excellent customer service.,3
05-08-2024 16:49,Fast shipping and good packaging.,1
04-08-2024 16:49,Excellent customer service.,4
03-08-2024 16:49,Fast shipping and good packaging.,3
02-08-2024 16:49,Not worth the price.,2
01-08-2024 16:49,The quality could be better.,1
31-07-2024 16:49,Not worth the price.,4
30-07-2024 16:49,Fast shipping and good packaging.,1
29-07-2024 16:49,The quality could be better.,2
28-07-2024 16:49,Fast shipping and good packaging.,3
27-07-2024 16:49,Product arrived damaged.,5
26-07-2024 16:49,Fast shipping and good packaging.,3
25-07-2024 16:49,Not worth the price.,3
24-07-2024 16:49,The quality could be better.,4
23-07-2024 16:49,Highly recommend this product.,2
22-07-2024 16:49,Fast shipping and good packaging.,3
21-07-2024 16:49,Will not buy again.,3
20-07-2024 16:49,Excellent customer service.,3
19-07-2024 16:49,Product arrived damaged.,2
18-07-2024 16:49,"Great product, very satisfied!",5
17-07-2024 16:49,Product arrived damaged.,4
16-07-2024 16:49,"Terrible experience, will return.",4
15-07-2024 16:49,Product arrived damaged.,2
14-07-2024 16:49,"Terrible experience, will return.",1
13-07-2024 16:49,Not worth the price.,2
12-07-2024 16:49,Highly recommend this product.,3
11-07-2024 16:49,Highly recommend this product.,3
10-07-2024 16:49,Highly recommend this product.,4
09-07-2024 16:49,"Terrible experience, will return.",1
08-07-2024 16:49,Highly recommend this product.,5
07-07-2024 16:49,Excellent customer service.,4
06-07-2024 16:49,Not worth the price.,1
05-07-2024 16:49,Will not buy again.,4
04-07-2024 16:49,Fast shipping and good packaging.,2
03-07-2024 16:49,Excellent customer service.,1
02-07-2024 16:49,Highly recommend this product.,5
01-07-2024 16:49,Fast shipping and good packaging.,5
30-06-2024 16:49,Excellent customer service.,3
29-06-2024 16:49,Highly recommend this product.,3
28-06-2024 16:49,Highly recommend this product.,2
27-06-2024 16:49,Product arrived damaged.,5
26-06-2024 16:49,The quality could be better.,1
25-06-2024 16:49,Highly recommend this product.,5
24-06-2024 16:49,Product arrived damaged.,2
23-06-2024 16:49,Will not buy again.,5
22-06-2024 16:49,Will not buy again.,2
21-06-2024 16:49,Not worth the price.,1
20-06-2024 16:49,Not worth the price.,4
19-06-2024 16:49,Product arrived damaged.,4
18-06-2024 16:49,"Great product, very satisfied!",5
17-06-2024 16:49,Excellent customer service.,2
16-06-2024 16:49,Excellent customer service.,3
15-06-2024 16:49,Will not buy again.,3
14-06-2024 16:49,Highly recommend this product.,2
13-06-2024 16:49,Not worth the price.,5
12-06-2024 16:49,Product arrived damaged.,1
11-06-2024 16:49,"Great product, very satisfied!",3
10-06-2024 16:49,Will not buy again.,2
09-06-2024 16:49,Fast shipping and good packaging.,5
08-06-2024 16:49,"Great product, very satisfied!",3
07-06-2024 16:49,Fast shipping and good packaging.,5
06-06-2024 16:49,"Great product, very satisfied!",2
05-06-2024 16:49,The quality could be better.,3
04-06-2024 16:49,Product arrived damaged.,4
03-06-2024 16:49,Will not buy again.,5
02-06-2024 16:49,Very happy with my purchase.,2
01-06-2024 16:49,Excellent customer service.,2
31-05-2024 16:49,Product arrived damaged.,5
30-05-2024 16:49,Product arrived damaged.,1
29-05-2024 16:49,The quality could be better.,3
28-05-2024 16:49,Excellent customer service.,4
27-05-2024 16:49,Will not buy again.,4
26-05-2024 16:49,Will not buy again.,4
25-05-2024 16:49,Will not buy again.,3
24-05-2024 16:49,Will not buy again.,4
23-05-2024 16:49,"Great product, very satisfied!",1
22-05-2024 16:49,The quality could be better.,1
21-05-2024 16:49,Excellent customer service.,3
20-05-2024 16:49,Product arrived damaged.,5
19-05-2024 16:49,"Great product, very satisfied!",1
18-05-2024 16:49,Excellent customer service.,4
17-05-2024 16:49,Will not buy again.,2
16-05-2024 16:49,Highly recommend this product.,2
15-05-2024 16:49,Highly recommend this product.,2
14-05-2024 16:49,Very happy with my purchase.,1
13-05-2024 16:49,The quality could be better.,1
12-05-2024 16:49,Product arrived damaged.,4
11-05-2024 16:49,Highly recommend this product.,3
10-05-2024 16:49,Excellent customer service.,4
09-05-2024 16:49,"Terrible experience, will return.",2
08-05-2024 16:49,Highly recommend this product.,3
07-05-2024 16:49,Excellent customer service.,1
06-05-2024 16:49,Will not buy again.,2
05-05-2024 16:49,"Great product, very satisfied!",3
04-05-2024 16:49,"Terrible experience, will return.",4
03-05-2024 16:49,"Terrible experience, will return.",3
02-05-2024 16:49,Excellent customer service.,1
01-05-2024 16:49,"Terrible experience, will return.",2
30-04-2024 16:49,Excellent customer service.,2
29-04-2024 16:49,Excellent customer service.,1
28-04-2024 16:49,Very happy with my purchase.,4
27-04-2024 16:49,The quality could be better.,5
26-04-2024 16:49,Excellent customer service.,3
25-04-2024 16:49,Very happy with my purchase.,1
24-04-2024 16:49,Will not buy again.,1
23-04-2024 16:49,"Great product, very satisfied!",3
22-04-2024 16:49,Product arrived damaged.,2
21-04-2024 16:49,Will not buy again.,3
20-04-2024 16:49,Product arrived damaged.,3
19-04-2024 16:49,Highly recommend this product.,1
18-04-2024 16:49,"Great product, very satisfied!",3
17-04-2024 16:49,Fast shipping and good packaging.,2
16-04-2024 16:49,Excellent customer service.,4
15-04-2024 16:49,Very happy with my purchase.,5
14-04-2024 16:49,Excellent customer service.,2
13-04-2024 16:49,Highly recommend this product.,4
12-04-2024 16:49,Will not buy again.,5
11-04-2024 16:49,Highly recommend this product.,4
10-04-2024 16:49,Fast shipping and good packaging.,5
09-04-2024 16:49,Very happy with my purchase.,5
08-04-2024 16:49,Excellent customer service.,1
07-04-2024 16:49,Fast shipping and good packaging.,1
06-04-2024 16:49,Very happy with my purchase.,5
05-04-2024 16:49,Not worth the price.,3
04-04-2024 16:49,Excellent customer service.,3
03-04-2024 16:49,Will not buy again.,5
02-04-2024 16:49,"Great product, very satisfied!",4
01-04-2024 16:49,Fast shipping and good packaging.,3
31-03-2024 16:49,Highly recommend this product.,2
30-03-2024 16:49,Highly recommend this product.,5
29-03-2024 16:49,Fast shipping and good packaging.,1
28-03-2024 16:49,Product arrived damaged.,3
27-03-2024 16:49,Will not buy again.,1
26-03-2024 16:49,Product arrived damaged.,4
25-03-2024 16:49,Product arrived damaged.,1
24-03-2024 16:49,Not worth the price.,2
23-03-2024 16:49,Highly recommend this product.,5
22-03-2024 16:49,"Great product, very satisfied!",5
21-03-2024 16:49,"Terrible experience, will return.",2
20-03-2024 16:49,Very happy with my purchase.,1
19-03-2024 16:49,Will not buy again.,2
18-03-2024 16:49,Excellent customer service.,1
17-03-2024 16:49,Highly recommend this product.,5
16-03-2024 16:49,Very happy with my purchase.,5
15-03-2024 16:49,Not worth the price.,3
14-03-2024 16:49,Product arrived damaged.,4
13-03-2024 16:49,Highly recommend this product.,3
12-03-2024 16:49,Highly recommend this product.,3
11-03-2024 16:49,Not worth the price.,2
10-03-2024 16:49,The quality could be better.,3
09-03-2024 16:49,Highly recommend this product.,3
08-03-2024 16:49,Product arrived damaged.,1
07-03-2024 16:49,Highly recommend this product.,1
06-03-2024 16:49,"Great product, very satisfied!",5
05-03-2024 16:49,Highly recommend this product.,4
04-03-2024 16:49,"Great product, very satisfied!",1
03-03-2024 16:49,The quality could be better.,4
02-03-2024 16:49,Will not buy again.,3
01-03-2024 16:49,Excellent customer service.,2
29-02-2024 16:49,Excellent customer service.,4
28-02-2024 16:49,"Great product, very satisfied!",5
27-02-2024 16:49,"Great product, very satisfied!",2
26-02-2024 16:49,"Great product, very satisfied!",4
25-02-2024 16:49,Will not buy again.,3
24-02-2024 16:49,Will not buy again.,3
23-02-2024 16:49,"Great product, very satisfied!",2
22-02-2024 16:49,Product arrived damaged.,4
21-02-2024 16:49,Excellent customer service.,4
20-02-2024 16:49,Not worth the price.,4
19-02-2024 16:49,Highly recommend this product.,3
18-02-2024 16:49,Excellent customer service.,3
17-02-2024 16:49,Very happy with my purchase.,4
16-02-2024 16:49,Excellent customer service.,1
15-02-2024 16:49,"Terrible experience, will return.",1
14-02-2024 16:49,Very happy with my purchase.,4
13-02-2024 16:49,Will not buy again.,1
12-02-2024 16:49,The quality could be better.,5
11-02-2024 16:49,Excellent customer service.,2
10-02-2024 16:49,The quality could be better.,1
09-02-2024 16:49,Product arrived damaged.,2
08-02-2024 16:49,Product arrived damaged.,1
07-02-2024 16:49,"Terrible experience, will return.",5
06-02-2024 16:49,Highly recommend this product.,5
05-02-2024 16:49,Product arrived damaged.,5
04-02-2024 16:49,Fast shipping and good packaging.,1
03-02-2024 16:49,"Terrible experience, will return.",5
02-02-2024 16:49,Very happy with my purchase.,5
01-02-2024 16:49,"Great product, very satisfied!",4
31-01-2024 16:49,Product arrived damaged.,1
30-01-2024 16:49,The quality could be better.,4
29-01-2024 16:49,Will not buy again.,5
28-01-2024 16:49,Very happy with my purchase.,2
27-01-2024 16:49,"Great product, very satisfied!",1
26-01-2024 16:49,Very happy with my purchase.,5
25-01-2024 16:49,Excellent customer service.,4
24-01-2024 16:49,Excellent customer service.,4
23-01-2024 16:49,The quality could be better.,3
22-01-2024 16:49,Excellent customer service.,2
21-01-2024 16:49,Product arrived damaged.,5
20-01-2024 16:49,Will not buy again.,2
19-01-2024 16:49,Highly recommend this product.,2
18-01-2024 16:49,Very happy with my purchase.,2
17-01-2024 16:49,Highly recommend this product.,1
16-01-2024 16:49,Excellent customer service.,4
15-01-2024 16:49,Not worth the price.,4
14-01-2024 16:49,"Great product, very satisfied!",3
13-01-2024 16:49,Very happy with my purchase.,3
12-01-2024 16:49,Excellent customer service.,4
11-01-2024 16:49,Highly recommend this product.,5
10-01-2024 16:49,"Great product, very satisfied!",4
09-01-2024 16:49,Product arrived damaged.,3
08-01-2024 16:49,"Great product, very satisfied!",5
07-01-2024 16:49,Excellent customer service.,4
06-01-2024 16:49,Fast shipping and good packaging.,3
05-01-2024 16:49,Product arrived damaged.,2
04-01-2024 16:49,Product arrived damaged.,2
03-01-2024 16:49,Not worth the price.,4
02-01-2024 16:49,"Great product, very satisfied!",5
01-01-2024 16:49,Excellent customer service.,2
31-12-2023 16:49,Highly recommend this product.,4
30-12-2023 16:49,Product arrived damaged.,4
29-12-2023 16:49,Very happy with my purchase.,5
28-12-2023 16:49,Will not buy again.,3
27-12-2023 16:49,Excellent customer service.,5
26-12-2023 16:49,Excellent customer service.,2
25-12-2023 16:49,"Great product, very satisfied!",1
24-12-2023 16:49,Fast shipping and good packaging.,4
23-12-2023 16:49,Very happy with my purchase.,1
22-12-2023 16:49,The quality could be better.,3
21-12-2023 16:49,Not worth the price.,3
20-12-2023 16:49,Product arrived damaged.,1
19-12-2023 16:49,Very happy with my purchase.,1
18-12-2023 16:49,"Great product, very satisfied!",2
17-12-2023 16:49,Excellent customer service.,1
16-12-2023 16:49,The quality could be better.,2
15-12-2023 16:49,Highly recommend this product.,3
14-12-2023 16:49,Highly recommend this product.,5
13-12-2023 16:49,"Great product, very satisfied!",1
12-12-2023 16:49,Highly recommend this product.,3
11-12-2023 16:49,The quality could be better.,1
10-12-2023 16:49,Product arrived damaged.,2
09-12-2023 16:49,The quality could be better.,5
08-12-2023 16:49,Very happy with my purchase.,2
07-12-2023 16:49,Fast shipping and good packaging.,4
06-12-2023 16:49,The quality could be better.,2
05-12-2023 16:49,"Terrible experience, will return.",4
04-12-2023 16:49,The quality could be better.,2
03-12-2023 16:49,Highly recommend this product.,5
02-12-2023 16:49,"Terrible experience, will return.",1
01-12-2023 16:49,Fast shipping and good packaging.,3
30-11-2023 16:49,"Great product, very satisfied!",4
29-11-2023 16:49,The quality could be better.,3
28-11-2023 16:49,Product arrived damaged.,4
27-11-2023 16:49,"Great product, very satisfied!",2
26-11-2023 16:49,Excellent customer service.,5
25-11-2023 16:49,"Terrible experience, will return.",3
24-11-2023 16:49,Highly recommend this product.,2
23-11-2023 16:49,Will not buy again.,4
22-11-2023 16:49,"Great product, very satisfied!",4
21-11-2023 16:49,Will not buy again.,4
20-11-2023 16:49,Fast shipping and good packaging.,2
19-11-2023 16:49,Very happy with my purchase.,2
18-11-2023 16:49,Excellent customer service.,5
17-11-2023 16:49,Will not buy again.,3
16-11-2023 16:49,"Great product, very satisfied!",4
15-11-2023 16:49,Excellent customer service.,2
14-11-2023 16:49,The quality could be better.,1
13-11-2023 16:49,"Terrible experience, will return.",4
12-11-2023 16:49,"Terrible experience, will return.",2
11-11-2023 16:49,Will not buy again.,5
10-11-2023 16:49,Not worth the price.,2
09-11-2023 16:49,The quality could be better.,3
08-11-2023 16:49,Highly recommend this product.,3
07-11-2023 16:49,Fast shipping and good packaging.,3
06-11-2023 16:49,Fast shipping and good packaging.,4
05-11-2023 16:49,The quality could be better.,5
04-11-2023 16:49,Excellent customer service.,3
03-11-2023 16:49,The quality could be better.,2
02-11-2023 16:49,Excellent customer service.,1
01-11-2023 16:49,Very happy with my purchase.,3
31-10-2023 16:49,Highly recommend this product.,1
30-10-2023 16:49,Product arrived damaged.,1
29-10-2023 16:49,Product arrived damaged.,2
28-10-2023 16:49,Product arrived damaged.,1
27-10-2023 16:49,"Terrible experience, will return.",3
26-10-2023 16:49,Will not buy again.,2
25-10-2023 16:49,Very happy with my purchase.,4
24-10-2023 16:49,"Great product, very satisfied!",4
23-10-2023 16:49,Excellent customer service.,2
22-10-2023 16:49,"Great product, very satisfied!",5
21-10-2023 16:49,The quality could be better.,3
20-10-2023 16:49,The quality could be better.,4
19-10-2023 16:49,Not worth the price.,1
18-10-2023 16:49,Excellent customer service.,1
17-10-2023 16:49,Fast shipping and good packaging.,4
16-10-2023 16:49,Product arrived damaged.,3
15-10-2023 16:49,Highly recommend this product.,1
14-10-2023 16:49,Product arrived damaged.,4
13-10-2023 16:49,"Terrible experience, will return.",4
12-10-2023 16:49,Will not buy again.,4
11-10-2023 16:49,Product arrived damaged.,5
10-10-2023 16:49,Not worth the price.,5
09-10-2023 16:49,Excellent customer service.,5
08-10-2023 16:49,"Great product, very satisfied!",4
07-10-2023 16:49,Fast shipping and good packaging.,3
06-10-2023 16:49,Will not buy again.,3
05-10-2023 16:49,"Terrible experience, will return.",1
04-10-2023 16:49,Will not buy again.,2
03-10-2023 16:49,The quality could be better.,3
02-10-2023 16:49,The quality could be better.,5
01-10-2023 16:49,Very happy with my purchase.,3
30-09-2023 16:49,Product arrived damaged.,1
29-09-2023 16:49,Very happy with my purchase.,5
28-09-2023 16:49,"Great product, very satisfied!",4
27-09-2023 16:49,"Terrible experience, will return.",5
26-09-2023 16:49,"Great product, very satisfied!",3
25-09-2023 16:49,Excellent customer service.,3
24-09-2023 16:49,Very happy with my purchase.,1
23-09-2023 16:49,Product arrived damaged.,1
22-09-2023 16:49,"Terrible experience, will return.",2
21-09-2023 16:49,Will not buy again.,2
20-09-2023 16:49,Highly recommend this product.,3
19-09-2023 16:49,"Terrible experience, will return.",5
18-09-2023 16:49,Fast shipping and good packaging.,5
17-09-2023 16:49,Will not buy again.,3
16-09-2023 16:49,Fast shipping and good packaging.,3
15-09-2023 16:49,"Terrible experience, will return.",4
14-09-2023 16:49,"Terrible experience, will return.",5
13-09-2023 16:49,Will not buy again.,5
12-09-2023 16:49,Fast shipping and good packaging.,2
11-09-2023 16:49,Fast shipping and good packaging.,2
10-09-2023 16:49,"Terrible experience, will return.",1
09-09-2023 16:49,"Great product, very satisfied!",2
08-09-2023 16:49,Excellent customer service.,5
07-09-2023 16:49,Product arrived damaged.,3
06-09-2023 16:49,Will not buy again.,4
05-09-2023 16:49,Very happy with my purchase.,3
04-09-2023 16:49,Very happy with my purchase.,2
03-09-2023 16:49,Will not buy again.,4
02-09-2023 16:49,Will not buy again.,1
01-09-2023 16:49,The quality could be better.,4
31-08-2023 16:49,Highly recommend this product.,4
30-08-2023 16:49,"Terrible experience, will return.",1
29-08-2023 16:49,Very happy with my purchase.,5
28-08-2023 16:49,Fast shipping and good packaging.,1
27-08-2023 16:49,Very happy with my purchase.,5
26-08-2023 16:49,"Terrible experience, will return.",1
25-08-2023 16:49,"Terrible experience, will return.",3
24-08-2023 16:49,"Terrible experience, will return.",3
23-08-2023 16:49,Very happy with my purchase.,3
22-08-2023 16:49,"Terrible experience, will return.",4
21-08-2023 16:49,Very happy with my purchase.,1
20-08-2023 16:49,Excellent customer service.,3
19-08-2023 16:49,The quality could be better.,1
18-08-2023 16:49,"Great product, very satisfied!",1
17-08-2023 16:49,Very happy with my purchase.,3
16-08-2023 16:49,Not worth the price.,3
15-08-2023 16:49,Excellent customer service.,5
14-08-2023 16:49,Excellent customer service.,2
13-08-2023 16:49,"Great product, very satisfied!",2
12-08-2023 16:49,The quality could be better.,2
11-08-2023 16:49,Not worth the price.,5
10-08-2023 16:49,Very happy with my purchase.,5
09-08-2023 16:49,"Great product, very satisfied!",3
08-08-2023 16:49,"Terrible experience, will return.",1
07-08-2023 16:49,Will not buy again.,4
06-08-2023 16:49,Excellent customer service.,4
05-08-2023 16:49,Fast shipping and good packaging.,2
04-08-2023 16:49,"Terrible experience, will return.",5
03-08-2023 16:49,"Terrible experience, will return.",2
02-08-2023 16:49,The quality could be better.,2
01-08-2023 16:49,Product arrived damaged.,3
31-07-2023 16:49,Product arrived damaged.,5
30-07-2023 16:49,Will not buy again.,2
29-07-2023 16:49,Product arrived damaged.,1
28-07-2023 16:49,Will not buy again.,4
27-07-2023 16:49,Product arrived damaged.,3
26-07-2023 16:49,"Great product, very satisfied!",3
25-07-2023 16:49,Highly recommend this product.,4
24-07-2023 16:49,Fast shipping and good packaging.,2
23-07-2023 16:49,Not worth the price.,1
22-07-2023 16:49,Not worth the price.,3
21-07-2023 16:49,Highly recommend this product.,5
20-07-2023 16:49,Fast shipping and good packaging.,1
19-07-2023 16:49,Fast shipping and good packaging.,3
18-07-2023 16:49,"Great product, very satisfied!",4
17-07-2023 16:49,"Terrible experience, will return.",4
16-07-2023 16:49,The quality could be better.,2
15-07-2023 16:49,Excellent customer service.,2
14-07-2023 16:49,Excellent customer service.,2
13-07-2023 16:49,The quality could be better.,3
12-07-2023 16:49,Very happy with my purchase.,2
11-07-2023 16:49,Product arrived damaged.,2
10-07-2023 16:49,The quality could be better.,5
09-07-2023 16:49,"Terrible experience, will return.",5
08-07-2023 16:49,Excellent customer service.,1
07-07-2023 16:49,The quality could be better.,5
06-07-2023 16:49,The quality could be better.,5
05-07-2023 16:49,"Great product, very satisfied!",4
04-07-2023 16:49,Product arrived damaged.,2
03-07-2023 16:49,Will not buy again.,2
02-07-2023 16:49,"Great product, very satisfied!",2
01-07-2023 16:49,"Terrible experience, will return.",4
30-06-2023 16:49,The quality could be better.,1
29-06-2023 16:49,Will not buy again.,1
28-06-2023 16:49,Highly recommend this product.,2
27-06-2023 16:49,Fast shipping and good packaging.,1
26-06-2023 16:49,Product arrived damaged.,1
25-06-2023 16:49,Excellent customer service.,3
24-06-2023 16:49,Not worth the price.,1
23-06-2023 16:49,Excellent customer service.,3
22-06-2023 16:49,Excellent customer service.,4
21-06-2023 16:49,Not worth the price.,1
20-06-2023 16:49,Excellent customer service.,3
19-06-2023 16:49,"Great product, very satisfied!",1
18-06-2023 16:49,Fast shipping and good packaging.,2
17-06-2023 16:49,"Terrible experience, will return.",2
16-06-2023 16:49,Will not buy again.,3
15-06-2023 16:49,Will not buy again.,1
14-06-2023 16:49,Will not buy again.,5
13-06-2023 16:49,"Great product, very satisfied!",3
12-06-2023 16:49,"Great product, very satisfied!",5
11-06-2023 16:49,Very happy with my purchase.,1
10-06-2023 16:49,Will not buy again.,5
09-06-2023 16:49,Fast shipping and good packaging.,4
08-06-2023 16:49,Fast shipping and good packaging.,2
07-06-2023 16:49,Fast shipping and good packaging.,3
06-06-2023 16:49,Highly recommend this product.,1
05-06-2023 16:49,Fast shipping and good packaging.,5
04-06-2023 16:49,Very happy with my purchase.,2
03-06-2023 16:49,Highly recommend this product.,4
02-06-2023 16:49,"Great product, very satisfied!",2
01-06-2023 16:49,Excellent customer service.,4
31-05-2023 16:49,"Terrible experience, will return.",5
30-05-2023 16:49,Not worth the price.,3
29-05-2023 16:49,"Great product, very satisfied!",5
28-05-2023 16:49,Will not buy again.,2
27-05-2023 16:49,Will not buy again.,3
26-05-2023 16:49,Excellent customer service.,4
25-05-2023 16:49,Excellent customer service.,5
24-05-2023 16:49,The quality could be better.,2
23-05-2023 16:49,The quality could be better.,1
22-05-2023 16:49,Will not buy again.,3
21-05-2023 16:49,Very happy with my purchase.,3
20-05-2023 16:49,Fast shipping and good packaging.,4
19-05-2023 16:49,Highly recommend this product.,1
18-05-2023 16:49,The quality could be better.,1
17-05-2023 16:49,"Great product, very satisfied!",2
16-05-2023 16:49,"Terrible experience, will return.",3
15-05-2023 16:49,Very happy with my purchase.,4
14-05-2023 16:49,"Terrible experience, will return.",1
13-05-2023 16:49,"Terrible experience, will return.",2
12-05-2023 16:49,"Great product, very satisfied!",4
11-05-2023 16:49,Not worth the price.,1
10-05-2023 16:49,Will not buy again.,4
09-05-2023 16:49,Fast shipping and good packaging.,2
08-05-2023 16:49,Highly recommend this product.,4
07-05-2023 16:49,Highly recommend this product.,1
06-05-2023 16:49,Will not buy again.,5
05-05-2023 16:49,"Terrible experience, will return.",4
04-05-2023 16:49,The quality could be better.,1
03-05-2023 16:49,Highly recommend this product.,5
02-05-2023 16:49,Very happy with my purchase.,1
01-05-2023 16:49,Highly recommend this product.,3
30-04-2023 16:49,Excellent customer service.,1
29-04-2023 16:49,Excellent customer service.,5
28-04-2023 16:49,Product arrived damaged.,2
27-04-2023 16:49,Very happy with my purchase.,5
26-04-2023 16:49,The quality could be better.,5
25-04-2023 16:49,Will not buy again.,1
24-04-2023 16:49,"Great product, very satisfied!",5
23-04-2023 16:49,Highly recommend this product.,5
22-04-2023 16:49,Highly recommend this product.,3
21-04-2023 16:49,Excellent customer service.,2
20-04-2023 16:49,Product arrived damaged.,4
19-04-2023 16:49,Fast shipping and good packaging.,5
18-04-2023 16:49,The quality could be better.,2
17-04-2023 16:49,Will not buy again.,2
16-04-2023 16:49,Will not buy again.,3
15-04-2023 16:49,Highly recommend this product.,4
14-04-2023 16:49,Excellent customer service.,4
13-04-2023 16:49,Very happy with my purchase.,1
12-04-2023 16:49,Will not buy again.,5
11-04-2023 16:49,Will not buy again.,1
10-04-2023 16:49,Excellent customer service.,2
09-04-2023 16:49,Not worth the price.,2
08-04-2023 16:49,Highly recommend this product.,2
07-04-2023 16:49,Not worth the price.,5
06-04-2023 16:49,Very happy with my purchase.,4
05-04-2023 16:49,"Great product, very satisfied!",1
04-04-2023 16:49,Product arrived damaged.,2
03-04-2023 16:49,"Terrible experience, will return.",2
02-04-2023 16:49,Very happy with my purchase.,3
01-04-2023 16:49,Fast shipping and good packaging.,5
31-03-2023 16:49,"Great product, very satisfied!",2
30-03-2023 16:49,Not worth the price.,4
29-03-2023 16:49,"Terrible experience, will return.",1
28-03-2023 16:49,Will not buy again.,4
27-03-2023 16:49,The quality could be better.,5
26-03-2023 16:49,Excellent customer service.,2
25-03-2023 16:49,Fast shipping and good packaging.,2
24-03-2023 16:49,Not worth the price.,3
23-03-2023 16:49,Product arrived damaged.,5
22-03-2023 16:49,"Great product, very satisfied!",3
21-03-2023 16:49,Will not buy again.,2
20-03-2023 16:49,Highly recommend this product.,4
19-03-2023 16:49,Not worth the price.,4
18-03-2023 16:49,Very happy with my purchase.,5
17-03-2023 16:49,Excellent customer service.,3
16-03-2023 16:49,Fast shipping and good packaging.,1
15-03-2023 16:49,Not worth the price.,2
14-03-2023 16:49,Excellent customer service.,1
13-03-2023 16:49,The quality could be better.,4
12-03-2023 16:49,Excellent customer service.,1
11-03-2023 16:49,Highly recommend this product.,5
10-03-2023 16:49,Very happy with my purchase.,3
09-03-2023 16:49,Not worth the price.,4
08-03-2023 16:49,Fast shipping and good packaging.,5
07-03-2023 16:49,Will not buy again.,2
06-03-2023 16:49,"Great product, very satisfied!",3
05-03-2023 16:49,The quality could be better.,1
04-03-2023 16:49,"Great product, very satisfied!",3
03-03-2023 16:49,Product arrived damaged.,1
02-03-2023 16:49,Excellent customer service.,2
01-03-2023 16:49,Excellent customer service.,5
28-02-2023 16:49,Fast shipping and good packaging.,5
27-02-2023 16:49,Will not buy again.,4
26-02-2023 16:49,Product arrived damaged.,1
25-02-2023 16:49,"Great product, very satisfied!",5
24-02-2023 16:49,The quality could be better.,3
23-02-2023 16:49,Highly recommend this product.,5
22-02-2023 16:49,"Terrible experience, will return.",4
21-02-2023 16:49,Fast shipping and good packaging.,4
20-02-2023 16:49,Product arrived damaged.,4
19-02-2023 16:49,Highly recommend this product.,2
18-02-2023 16:49,Highly recommend this product.,4
17-02-2023 16:49,Fast shipping and good packaging.,5
16-02-2023 16:49,Highly recommend this product.,4
15-02-2023 16:49,Will not buy again.,5
14-02-2023 16:49,"Great product, very satisfied!",2
13-02-2023 16:49,Highly recommend this product.,4
12-02-2023 16:49,Not worth the price.,4
11-02-2023 16:49,Highly recommend this product.,3
10-02-2023 16:49,Excellent customer service.,1
09-02-2023 16:49,Will not buy again.,2
08-02-2023 16:49,Excellent customer service.,5
07-02-2023 16:49,Fast shipping and good packaging.,4
06-02-2023 16:49,"Great product, very satisfied!",1
05-02-2023 16:49,Highly recommend this product.,3
04-02-2023 16:49,Excellent customer service.,3
03-02-2023 16:49,"Great product, very satisfied!",2
02-02-2023 16:49,Will not buy again.,2
01-02-2023 16:49,Product arrived damaged.,1
31-01-2023 16:49,"Great product, very satisfied!",4
30-01-2023 16:49,Very happy with my purchase.,4
29-01-2023 16:49,Excellent customer service.,1
28-01-2023 16:49,Product arrived damaged.,4
27-01-2023 16:49,"Great product, very satisfied!",2
26-01-2023 16:49,Excellent customer service.,4
25-01-2023 16:49,Very happy with my purchase.,3
24-01-2023 16:49,Not worth the price.,2
23-01-2023 16:49,Product arrived damaged.,1
22-01-2023 16:49,Product arrived damaged.,4
21-01-2023 16:49,Product arrived damaged.,5
20-01-2023 16:49,Fast shipping and good packaging.,3
19-01-2023 16:49,The quality could be better.,2
18-01-2023 16:49,Will not buy again.,5
17-01-2023 16:49,Not worth the price.,2
16-01-2023 16:49,The quality could be better.,2
15-01-2023 16:49,The quality could be better.,5
14-01-2023 16:49,Excellent customer service.,3
13-01-2023 16:49,Not worth the price.,2
12-01-2023 16:49,Not worth the price.,4
11-01-2023 16:49,Will not buy again.,5
10-01-2023 16:49,Very happy with my purchase.,4
09-01-2023 16:49,"Terrible experience, will return.",3
08-01-2023 16:49,Excellent customer service.,2
07-01-2023 16:49,"Great product, very satisfied!",2
06-01-2023 16:49,The quality could be better.,5
05-01-2023 16:49,Will not buy again.,2
04-01-2023 16:49,Not worth the price.,4
03-01-2023 16:49,Product arrived damaged.,4
02-01-2023 16:49,Excellent customer service.,4
01-01-2023 16:49,Fast shipping and good packaging.,5
31-12-2022 16:49,Not worth the price.,5
30-12-2022 16:49,"Great product, very satisfied!",2
29-12-2022 16:49,The quality could be better.,4
28-12-2022 16:49,Fast shipping and good packaging.,1
27-12-2022 16:49,Highly recommend this product.,1
26-12-2022 16:49,Not worth the price.,1
25-12-2022 16:49,Very happy with my purchase.,4
24-12-2022 16:49,Product arrived damaged.,5
23-12-2022 16:49,Highly recommend this product.,5
22-12-2022 16:49,"Terrible experience, will return.",5
21-12-2022 16:49,Very happy with my purchase.,2
20-12-2022 16:49,Fast shipping and good packaging.,3
19-12-2022 16:49,Will not buy again.,2
18-12-2022 16:49,Not worth the price.,1
17-12-2022 16:49,Very happy with my purchase.,2
16-12-2022 16:49,Highly recommend this product.,3
15-12-2022 16:49,"Terrible experience, will return.",1
14-12-2022 16:49,Very happy with my purchase.,4
13-12-2022 16:49,Will not buy again.,5
12-12-2022 16:49,Highly recommend this product.,4
11-12-2022 16:49,Very happy with my purchase.,1
10-12-2022 16:49,Product arrived damaged.,3
09-12-2022 16:49,Fast shipping and good packaging.,5
08-12-2022 16:49,Highly recommend this product.,2
07-12-2022 16:49,Fast shipping and good packaging.,5
06-12-2022 16:49,"Great product, very satisfied!",3
05-12-2022 16:49,The quality could be better.,5
04-12-2022 16:49,Will not buy again.,1
03-12-2022 16:49,The quality could be better.,2
02-12-2022 16:49,Not worth the price.,2
01-12-2022 16:49,The quality could be better.,4
30-11-2022 16:49,"Terrible experience, will return.",2
29-11-2022 16:49,Not worth the price.,2
28-11-2022 16:49,Not worth the price.,3
27-11-2022 16:49,Highly recommend this product.,4
26-11-2022 16:49,The quality could be better.,2
25-11-2022 16:49,Very happy with my purchase.,2
24-11-2022 16:49,Excellent customer service.,3
23-11-2022 16:49,The quality could be better.,1
22-11-2022 16:49,Not worth the price.,5
21-11-2022 16:49,"Great product, very satisfied!",5
20-11-2022 16:49,"Terrible experience, will return.",2
19-11-2022 16:49,Highly recommend this product.,2
18-11-2022 16:49,Product arrived damaged.,5
17-11-2022 16:49,"Great product, very satisfied!",1
16-11-2022 16:49,"Terrible experience, will return.",3
15-11-2022 16:49,The quality could be better.,3
14-11-2022 16:49,The quality could be better.,2
13-11-2022 16:49,Will not buy again.,3
12-11-2022 16:49,The quality could be better.,1
11-11-2022 16:49,Will not buy again.,3
10-11-2022 16:49,"Terrible experience, will return.",2
09-11-2022 16:49,Product arrived damaged.,3
08-11-2022 16:49,"Great product, very satisfied!",5
07-11-2022 16:49,Very happy with my purchase.,5
06-11-2022 16:49,Very happy with my purchase.,4
05-11-2022 16:49,Very happy with my purchase.,3
04-11-2022 16:49,Excellent customer service.,3
03-11-2022 16:49,"Terrible experience, will return.",2
02-11-2022 16:49,Very happy with my purchase.,5
01-11-2022 16:49,Highly recommend this product.,1
31-10-2022 16:49,Fast shipping and good packaging.,3
30-10-2022 16:49,Very happy with my purchase.,4
29-10-2022 16:49,Highly recommend this product.,3
28-10-2022 16:49,Not worth the price.,2
27-10-2022 16:49,"Terrible experience, will return.",5
26-10-2022 16:49,"Great product, very satisfied!",2
25-10-2022 16:49,Product arrived damaged.,3
24-10-2022 16:49,Fast shipping and good packaging.,5
23-10-2022 16:49,Fast shipping and good packaging.,3
22-10-2022 16:49,The quality could be better.,2
21-10-2022 16:49,Highly recommend this product.,5
20-10-2022 16:49,"Great product, very satisfied!",4
19-10-2022 16:49,Product arrived damaged.,3
18-10-2022 16:49,The quality could be better.,1
17-10-2022 16:49,The quality could be better.,1
16-10-2022 16:49,Excellent customer service.,4
15-10-2022 16:49,The quality could be better.,3
14-10-2022 16:49,Product arrived damaged.,1
13-10-2022 16:49,Fast shipping and good packaging.,2
12-10-2022 16:49,"Great product, very satisfied!",5
11-10-2022 16:49,The quality could be better.,4
10-10-2022 16:49,Product arrived damaged.,3
09-10-2022 16:49,Highly recommend this product.,5
08-10-2022 16:49,Excellent customer service.,3
07-10-2022 16:49,Not worth the price.,5
06-10-2022 16:49,Fast shipping and good packaging.,5
05-10-2022 16:49,The quality could be better.,4
04-10-2022 16:49,Very happy with my purchase.,1
03-10-2022 16:49,"Terrible experience, will return.",2
02-10-2022 16:49,Will not buy again.,3
01-10-2022 16:49,"Great product, very satisfied!",5
30-09-2022 16:49,Excellent customer service.,1
29-09-2022 16:49,Not worth the price.,3
28-09-2022 16:49,Not worth the price.,5
27-09-2022 16:49,The quality could be better.,5
26-09-2022 16:49,The quality could be better.,1
25-09-2022 16:49,Very happy with my purchase.,3
24-09-2022 16:49,"Terrible experience, will return.",5
23-09-2022 16:49,Not worth the price.,2
22-09-2022 16:49,Will not buy again.,1
21-09-2022 16:49,Very happy with my purchase.,2
20-09-2022 16:49,Not worth the price.,3
19-09-2022 16:49,Excellent customer service.,1
18-09-2022 16:49,Will not buy again.,3
17-09-2022 16:49,Excellent customer service.,5
16-09-2022 16:49,Excellent customer service.,1
15-09-2022 16:49,Excellent customer service.,3
14-09-2022 16:49,Excellent customer service.,1
13-09-2022 16:49,Fast shipping and good packaging.,1
12-09-2022 16:49,The quality could be better.,5
11-09-2022 16:49,"Terrible experience, will return.",3
10-09-2022 16:49,Product arrived damaged.,3
09-09-2022 16:49,Highly recommend this product.,3
08-09-2022 16:49,Highly recommend this product.,5
07-09-2022 16:49,The quality could be better.,1
06-09-2022 16:49,Highly recommend this product.,1
05-09-2022 16:49,Highly recommend this product.,5
04-09-2022 16:49,Very happy with my purchase.,1
03-09-2022 16:49,Very happy with my purchase.,2
02-09-2022 16:49,Excellent customer service.,5
01-09-2022 16:49,"Great product, very satisfied!",1
31-08-2022 16:49,The quality could be better.,2
30-08-2022 16:49,Very happy with my purchase.,4
29-08-2022 16:49,The quality could be better.,3
28-08-2022 16:49,"Terrible experience, will return.",1
27-08-2022 16:49,Very happy with my purchase.,2
26-08-2022 16:49,"Terrible experience, will return.",4
25-08-2022 16:49,Not worth the price.,3
24-08-2022 16:49,Excellent customer service.,5
23-08-2022 16:49,"Terrible experience, will return.",5
22-08-2022 16:49,Not worth the price.,3
21-08-2022 16:49,Excellent customer service.,1
20-08-2022 16:49,"Great product, very satisfied!",4
19-08-2022 16:49,Product arrived damaged.,3
18-08-2022 16:49,The quality could be better.,2
17-08-2022 16:49,Will not buy again.,5
16-08-2022 16:49,Excellent customer service.,1
15-08-2022 16:49,Will not buy again.,2
14-08-2022 16:49,"Great product, very satisfied!",4
13-08-2022 16:49,Will not buy again.,1
12-08-2022 16:49,Not worth the price.,4
11-08-2022 16:49,Not worth the price.,1
10-08-2022 16:49,The quality could be better.,4
09-08-2022 16:49,Fast shipping and good packaging.,5
08-08-2022 16:49,Not worth the price.,1
07-08-2022 16:49,Excellent customer service.,2
06-08-2022 16:49,Fast shipping and good packaging.,2
05-08-2022 16:49,Fast shipping and good packaging.,2
04-08-2022 16:49,Highly recommend this product.,2
03-08-2022 16:49,Very happy with my purchase.,3
02-08-2022 16:49,Will not buy again.,3
01-08-2022 16:49,Fast shipping and good packaging.,1
31-07-2022 16:49,Highly recommend this product.,5
30-07-2022 16:49,Fast shipping and good packaging.,3
29-07-2022 16:49,Not worth the price.,1
28-07-2022 16:49,Excellent customer service.,3
27-07-2022 16:49,Very happy with my purchase.,2
26-07-2022 16:49,Will not buy again.,4
25-07-2022 16:49,Fast shipping and good packaging.,1
24-07-2022 16:49,Not worth the price.,3
23-07-2022 16:49,Will not buy again.,3
22-07-2022 16:49,Product arrived damaged.,5
21-07-2022 16:49,Highly recommend this product.,2
20-07-2022 16:49,Highly recommend this product.,5
19-07-2022 16:49,Will not buy again.,1
18-07-2022 16:49,Fast shipping and good packaging.,4
17-07-2022 16:49,Fast shipping and good packaging.,3
16-07-2022 16:49,Excellent customer service.,2
15-07-2022 16:49,"Great product, very satisfied!",3
14-07-2022 16:49,Not worth the price.,2
13-07-2022 16:49,The quality could be better.,2
12-07-2022 16:49,Not worth the price.,2
11-07-2022 16:49,The quality could be better.,5
10-07-2022 16:49,The quality could be better.,1
09-07-2022 16:49,Will not buy again.,5
08-07-2022 16:49,"Great product, very satisfied!",2
07-07-2022 16:49,The quality could be better.,3
06-07-2022 16:49,Will not buy again.,2
05-07-2022 16:49,"Great product, very satisfied!",1
04-07-2022 16:49,Will not buy again.,3
03-07-2022 16:49,Fast shipping and good packaging.,1
02-07-2022 16:49,"Great product, very satisfied!",4
01-07-2022 16:49,Will not buy again.,2
30-06-2022 16:49,Very happy with my purchase.,2
29-06-2022 16:49,Not worth the price.,2
28-06-2022 16:49,Will not buy again.,5
27-06-2022 16:49,Product arrived damaged.,5
26-06-2022 16:49,Will not buy again.,2
25-06-2022 16:49,Fast shipping and good packaging.,5
24-06-2022 16:49,Product arrived damaged.,2
23-06-2022 16:49,Will not buy again.,5
22-06-2022 16:49,Excellent customer service.,4
21-06-2022 16:49,Will not buy again.,2
20-06-2022 16:49,Excellent customer service.,1
19-06-2022 16:49,The quality could be better.,5
18-06-2022 16:49,"Terrible experience, will return.",5
17-06-2022 16:49,Fast shipping and good packaging.,2
16-06-2022 16:49,Product arrived damaged.,3
15-06-2022 16:49,Very happy with my purchase.,3
14-06-2022 16:49,The quality could be better.,1
13-06-2022 16:49,Highly recommend this product.,2
12-06-2022 16:49,Fast shipping and good packaging.,5
11-06-2022 16:49,Highly recommend this product.,4
10-06-2022 16:49,Very happy with my purchase.,5
09-06-2022 16:49,Product arrived damaged.,3
08-06-2022 16:49,Very happy with my purchase.,4
07-06-2022 16:49,Will not buy again.,2
06-06-2022 16:49,Highly recommend this product.,5
05-06-2022 16:49,"Great product, very satisfied!",1
04-06-2022 16:49,Not worth the price.,2
03-06-2022 16:49,Excellent customer service.,1
02-06-2022 16:49,Very happy with my purchase.,3
01-06-2022 16:49,Excellent customer service.,4
31-05-2022 16:49,"Great product, very satisfied!",4
30-05-2022 16:49,Fast shipping and good packaging.,4
29-05-2022 16:49,"Terrible experience, will return.",2
28-05-2022 16:49,Very happy with my purchase.,4
27-05-2022 16:49,"Great product, very satisfied!",5
26-05-2022 16:49,"Terrible experience, will return.",4
25-05-2022 16:49,Product arrived damaged.,1
24-05-2022 16:49,Excellent customer service.,3
23-05-2022 16:49,Very happy with my purchase.,2
22-05-2022 16:49,The quality could be better.,4
21-05-2022 16:49,Not worth the price.,2
20-05-2022 16:49,Highly recommend this product.,2
19-05-2022 16:49,Will not buy again.,2
18-05-2022 16:49,Highly recommend this product.,5
17-05-2022 16:49,Product arrived damaged.,2
16-05-2022 16:49,Highly recommend this product.,4
15-05-2022 16:49,Product arrived damaged.,5
14-05-2022 16:49,Excellent customer service.,3
13-05-2022 16:49,Not worth the price.,1
12-05-2022 16:49,Product arrived damaged.,4
11-05-2022 16:49,"Terrible experience, will return.",3
10-05-2022 16:49,"Great product, very satisfied!",5
09-05-2022 16:49,Excellent customer service.,1
08-05-2022 16:49,Not worth the price.,3
07-05-2022 16:49,"Great product, very satisfied!",2
06-05-2022 16:49,Product arrived damaged.,1
05-05-2022 16:49,Will not buy again.,1
04-05-2022 16:49,Excellent customer service.,1
03-05-2022 16:49,Fast shipping and good packaging.,5
02-05-2022 16:49,Product arrived damaged.,1
01-05-2022 16:49,"Terrible experience, will return.",2
30-04-2022 16:49,Highly recommend this product.,5
29-04-2022 16:49,Will not buy again.,4
28-04-2022 16:49,Highly recommend this product.,1
27-04-2022 16:49,Fast shipping and good packaging.,5
26-04-2022 16:49,Very happy with my purchase.,3
25-04-2022 16:49,The quality could be better.,3
24-04-2022 16:49,Will not buy again.,1
23-04-2022 16:49,Highly recommend this product.,3
22-04-2022 16:49,The quality could be better.,5
21-04-2022 16:49,Fast shipping and good packaging.,1
20-04-2022 16:49,Highly recommend this product.,5
19-04-2022 16:49,"Terrible experience, will return.",1
18-04-2022 16:49,Very happy with my purchase.,3
17-04-2022 16:49,"Terrible experience, will return.",1
16-04-2022 16:49,Very happy with my purchase.,5
15-04-2022 16:49,Will not buy again.,1
14-04-2022 16:49,Highly recommend this product.,4
13-04-2022 16:49,"Terrible experience, will return.",5
12-04-2022 16:49,Fast shipping and good packaging.,2
11-04-2022 16:49,Excellent customer service.,1
10-04-2022 16:49,Will not buy again.,1
09-04-2022 16:49,Highly recommend this product.,2
08-04-2022 16:49,Very happy with my purchase.,2
07-04-2022 16:49,"Great product, very satisfied!",4
06-04-2022 16:49,"Terrible experience, will return.",4
05-04-2022 16:49,"Terrible experience, will return.",2
04-04-2022 16:49,The quality could be better.,5
03-04-2022 16:49,"Great product, very satisfied!",4
02-04-2022 16:49,Fast shipping and good packaging.,1
01-04-2022 16:49,Product arrived damaged.,5
31-03-2022 16:49,Not worth the price.,2
30-03-2022 16:49,The quality could be better.,1
29-03-2022 16:49,"Terrible experience, will return.",2
28-03-2022 16:49,Fast shipping and good packaging.,4
27-03-2022 16:49,Will not buy again.,5
26-03-2022 16:49,Fast shipping and good packaging.,2
25-03-2022 16:49,Excellent customer service.,5
24-03-2022 16:49,Excellent customer service.,3
23-03-2022 16:49,Product arrived damaged.,3
22-03-2022 16:49,Very happy with my purchase.,3
21-03-2022 16:49,Highly recommend this product.,5
20-03-2022 16:49,The quality could be better.,1
19-03-2022 16:49,Product arrived damaged.,1
18-03-2022 16:49,"Terrible experience, will return.",2
17-03-2022 16:49,The quality could be better.,1
16-03-2022 16:49,Not worth the price.,5
15-03-2022 16:49,Will not buy again.,5
14-03-2022 16:49,Excellent customer service.,3
13-03-2022 16:49,Not worth the price.,5
12-03-2022 16:49,Product arrived damaged.,2
11-03-2022 16:49,"Terrible experience, will return.",1
10-03-2022 16:49,Product arrived damaged.,2
09-03-2022 16:49,Excellent customer service.,2
08-03-2022 16:49,The quality could be better.,1
07-03-2022 16:49,Fast shipping and good packaging.,2
06-03-2022 16:49,Excellent customer service.,1
05-03-2022 16:49,Product arrived damaged.,4
04-03-2022 16:49,Excellent customer service.,3
03-03-2022 16:49,Very happy with my purchase.,3
02-03-2022 16:49,"Great product, very satisfied!",2
01-03-2022 16:49,Will not buy again.,4
28-02-2022 16:49,Fast shipping and good packaging.,1
27-02-2022 16:49,"Terrible experience, will return.",5
26-02-2022 16:49,Will not buy again.,5
25-02-2022 16:49,Fast shipping and good packaging.,3
24-02-2022 16:49,Excellent customer service.,1
23-02-2022 16:49,Very happy with my purchase.,5
22-02-2022 16:49,Product arrived damaged.,2
21-02-2022 16:49,Fast shipping and good packaging.,2
20-02-2022 16:49,Product arrived damaged.,1
19-02-2022 16:49,Highly recommend this product.,5
18-02-2022 16:49,"Great product, very satisfied!",4
17-02-2022 16:49,Fast shipping and good packaging.,2
16-02-2022 16:49,The quality could be better.,5
15-02-2022 16:49,Fast shipping and good packaging.,5
14-02-2022 16:49,"Terrible experience, will return.",4
13-02-2022 16:49,Product arrived damaged.,1
12-02-2022 16:49,Very happy with my purchase.,3
11-02-2022 16:49,Fast shipping and good packaging.,5
10-02-2022 16:49,"Great product, very satisfied!",3
